Timestamp,UTC,Callsign,Position,Altitude,Speed,Direction
1520741793,2018-03-11T04:16:33Z,AVA120,"4.700993,-74.141899",0,2,258
1520741838,2018-03-11T04:17:18Z,AVA120,"4.701089,-74.141624",0,2,295
1520741917,2018-03-11T04:18:37Z,AVA120,"4.701055,-74.141487",0,2,300
1520741969,2018-03-11T04:19:29Z,AVA120,"4.701279,-74.141716",0,2,315
1520742193,2018-03-11T04:23:13Z,AVA120,"4.701636,-74.142181",0,18,317
1520742284,2018-03-11T04:24:44Z,AVA120,"4.704071,-74.14325",0,21,25
1520742291,2018-03-11T04:24:51Z,AVA120,"4.70438,-74.143402",0,21,331
1520742299,2018-03-11T04:24:59Z,AVA120,"4.704581,-74.1437",0,22,312
1520742311,2018-03-11T04:25:11Z,AVA120,"4.704872,-74.144112",0,23,312
1520742317,2018-03-11T04:25:17Z,AVA120,"4.705032,-74.144318",0,24,312
1520742324,2018-03-11T04:25:24Z,AVA120,"4.705204,-74.144539",0,25,312
1520742332,2018-03-11T04:25:32Z,AVA120,"4.705477,-74.14489",0,26,312
1520742338,2018-03-11T04:25:38Z,AVA120,"4.705651,-74.145142",0,27,312
1520742344,2018-03-11T04:25:44Z,AVA120,"4.705856,-74.145401",0,28,312
1520742351,2018-03-11T04:25:51Z,AVA120,"4.706024,-74.14563",0,29,312
1520742359,2018-03-11T04:25:59Z,AVA120,"4.706396,-74.146111",0,31,312
1520742365,2018-03-11T04:26:05Z,AVA120,"4.706559,-74.146339",0,31,312
1520742371,2018-03-11T04:26:11Z,AVA120,"4.706852,-74.146706",0,33,315
1520742380,2018-03-11T04:26:20Z,AVA120,"4.707188,-74.147163",0,34,312
1520742387,2018-03-11T04:26:27Z,AVA120,"4.707481,-74.147545",0,15,312
1520742393,2018-03-11T04:26:33Z,AVA120,"4.707723,-74.147881",0,15,312
1520742399,2018-03-11T04:26:39Z,AVA120,"4.708003,-74.148247",0,16,312
1520742411,2018-03-11T04:26:51Z,AVA120,"4.708569,-74.148987",0,17,312
1520742417,2018-03-11T04:26:57Z,AVA120,"4.708866,-74.149391",0,17,312
1520742423,2018-03-11T04:27:03Z,AVA120,"4.709166,-74.14978",0,17,312
1520742435,2018-03-11T04:27:15Z,AVA120,"4.709702,-74.15049",0,18,312
1520742441,2018-03-11T04:27:21Z,AVA120,"4.710039,-74.15094",0,15,312
1520742447,2018-03-11T04:27:27Z,AVA120,"4.710239,-74.151207",0,34,312
1520742456,2018-03-11T04:27:36Z,AVA120,"4.710575,-74.151665",0,25,312
1520742471,2018-03-11T04:27:51Z,AVA120,"4.710865,-74.152031",0,18,315
1520742489,2018-03-11T04:28:09Z,AVA120,"4.711424,-74.152176",0,20,350
1520742555,2018-03-11T04:29:15Z,AVA120,"4.711853,-74.152199",0,10,2
1520742574,2018-03-11T04:29:34Z,AVA120,"4.712227,-74.152237",0,15,357
1520742592,2018-03-11T04:29:52Z,AVA120,"4.712814,-74.152283",0,20,5
1520742601,2018-03-11T04:30:01Z,AVA120,"4.713112,-74.152107",0,23,42
1520742607,2018-03-11T04:30:07Z,AVA120,"4.71317,-74.151894",0,25,75
1520742619,2018-03-11T04:30:19Z,AVA120,"4.712751,-74.151192",0,19,132
1520742625,2018-03-11T04:30:25Z,AVA120,"4.712297,-74.150597",0,39,132
1520742634,2018-03-11T04:30:34Z,AVA120,"4.710551,-74.148293",0,80,132
1520742743,2018-03-11T04:32:23Z,AVA120,"4.702288,-74.075363",10575,215,13
1520742756,2018-03-11T04:32:36Z,AVA120,"4.714299,-74.072998",10975,218,11
1520742768,2018-03-11T04:32:48Z,AVA120,"4.726402,-74.070389",11125,230,12
1520742779,2018-03-11T04:32:59Z,AVA120,"4.739731,-74.067497",11300,244,12
1520742791,2018-03-11T04:33:11Z,AVA120,"4.753235,-74.064705",11475,257,11
1520742803,2018-03-11T04:33:23Z,AVA120,"4.767746,-74.061676",11650,271,12
1520742815,2018-03-11T04:33:35Z,AVA120,"4.783218,-74.058281",11875,284,12
1520742830,2018-03-11T04:33:50Z,AVA120,"4.803268,-74.053902",12175,300,12
1520742864,2018-03-11T04:34:24Z,AVA120,"4.849672,-74.043304",13325,313,14
1520742897,2018-03-11T04:34:57Z,AVA120,"4.896194,-74.028069",14350,318,19
1520742930,2018-03-11T04:35:30Z,AVA120,"4.943527,-74.012009",15275,326,19
1520742963,2018-03-11T04:36:03Z,AVA120,"4.991043,-73.995712",16325,332,18
1520742996,2018-03-11T04:36:36Z,AVA120,"5.041933,-73.980652",17375,338,14
1520743029,2018-03-11T04:37:09Z,AVA120,"5.092941,-73.968201",18175,351,14
1520743090,2018-03-11T04:38:10Z,AVA120,"5.194107,-73.942879",19100,389,14
1520743153,2018-03-11T04:39:13Z,AVA120,"5.311249,-73.913551",20025,428,14
1520743214,2018-03-11T04:40:14Z,AVA120,"5.425781,-73.885056",21950,412,13
1520743277,2018-03-11T04:41:17Z,AVA120,"5.546746,-73.855499",22775,423,13
1520743338,2018-03-11T04:42:18Z,AVA120,"5.665009,-73.831245",23950,429,11
1520743401,2018-03-11T04:43:21Z,AVA120,"5.790354,-73.805534",25375,440,11
1520743462,2018-03-11T04:44:22Z,AVA120,"5.911715,-73.776604",26700,455,21
1520743468,2018-03-11T04:44:28Z,AVA120,"5.922363,-73.771843",26800,458,25
1520743474,2018-03-11T04:44:34Z,AVA120,"5.934586,-73.765793",26950,459,26
1520743480,2018-03-11T04:44:40Z,AVA120,"5.94635,-73.759598",27075,461,27
1520743486,2018-03-11T04:44:46Z,AVA120,"5.958069,-73.753319",27200,462,28
1520743552,2018-03-11T04:45:52Z,AVA120,"6.083954,-73.68251",28450,474,32
1520743613,2018-03-11T04:46:53Z,AVA120,"6.198011,-73.610718",29600,480,31
1520743646,2018-03-11T04:47:26Z,AVA120,"6.261795,-73.571251",30000,487,31
1520743740,2018-03-11T04:49:00Z,AVA120,"6.445669,-73.457291",29975,523,31
1520743773,2018-03-11T04:49:33Z,AVA120,"6.516129,-73.406036",29975,529,41
1520743837,2018-03-11T04:50:37Z,AVA120,"6.631668,-73.302734",29975,514,41
1520743859,2018-03-11T04:50:59Z,AVA120,"6.666792,-73.27597",30000,514,34
1520743948,2018-03-11T04:52:28Z,AVA120,"6.87395,-73.26252",30000,500,349
1520744010,2018-03-11T04:53:30Z,AVA120,"7.015515,-73.289558",30000,495,348
1520744072,2018-03-11T04:54:32Z,AVA120,"7.153381,-73.325081",30000,496,344
1520744118,2018-03-11T04:55:18Z,AVA120,"7.25647,-73.349106",30000,502,354
1520744124,2018-03-11T04:55:24Z,AVA120,"7.270981,-73.349846",30000,504,358
1520744149,2018-03-11T04:55:49Z,AVA120,"7.329071,-73.343796",29975,511,11
1520744155,2018-03-11T04:55:55Z,AVA120,"7.343857,-73.339935",29975,513,15
1520744168,2018-03-11T04:56:08Z,AVA120,"7.372013,-73.329811",30000,516,21
1520744176,2018-03-11T04:56:16Z,AVA120,"7.39189,-73.321236",30000,518,23
1520744182,2018-03-11T04:56:22Z,AVA120,"7.405701,-73.31498",30000,518,24
1520744244,2018-03-11T04:57:24Z,AVA120,"7.54216,-73.252182",30625,522,24
1520744300,2018-03-11T04:58:20Z,AVA120,"7.66571,-73.202332",31625,512,14
1520744306,2018-03-11T04:58:26Z,AVA120,"7.680862,-73.199486",31775,509,9
1520744316,2018-03-11T04:58:36Z,AVA120,"7.702377,-73.197159",31925,506,4
1520744322,2018-03-11T04:58:42Z,AVA120,"7.716888,-73.196693",32050,504,1
1520744343,2018-03-11T04:59:03Z,AVA120,"7.765411,-73.201767",32375,498,349
1520744349,2018-03-11T04:59:09Z,AVA120,"7.779624,-73.204796",32475,497,347
1520744371,2018-03-11T04:59:31Z,AVA120,"7.827107,-73.219429",32825,493,339
1520744377,2018-03-11T04:59:37Z,AVA120,"7.840805,-73.225136",32925,492,336
1520744383,2018-03-11T04:59:43Z,AVA120,"7.853037,-73.230789",33000,490,334
1520744389,2018-03-11T04:59:49Z,AVA120,"7.865433,-73.237099",33100,490,332
1520744395,2018-03-11T04:59:55Z,AVA120,"7.877942,-73.244095",33175,489,330
1520744460,2018-03-11T05:01:00Z,AVA120,"8.003723,-73.322006",33475,503,328
1520744521,2018-03-11T05:02:01Z,AVA120,"8.127731,-73.398636",34125,510,328
1520744582,2018-03-11T05:03:02Z,AVA120,"8.24887,-73.473488",35300,503,328
1520744643,2018-03-11T05:04:03Z,AVA120,"8.37228,-73.549774",35975,505,328
1520744705,2018-03-11T05:05:05Z,AVA120,"8.49472,-73.62558",36000,505,328
1520744767,2018-03-11T05:06:07Z,AVA120,"8.615795,-73.7006",36000,503,328
1520744806,2018-03-11T05:06:46Z,AVA120,"8.697401,-73.746674",35975,507,338
1520744812,2018-03-11T05:06:52Z,AVA120,"8.711181,-73.751503",36000,508,342
1520744818,2018-03-11T05:06:58Z,AVA120,"8.724914,-73.755249",35975,509,346
1520744824,2018-03-11T05:07:04Z,AVA120,"8.739532,-73.758247",36000,510,349
1520744830,2018-03-11T05:07:10Z,AVA120,"8.754181,-73.760109",35975,512,353
1520744837,2018-03-11T05:07:17Z,AVA120,"8.76796,-73.760994",36000,513,357
1520744861,2018-03-11T05:07:41Z,AVA120,"8.827332,-73.754105",35975,517,14
1520744868,2018-03-11T05:07:48Z,AVA120,"8.840456,-73.750229",36000,518,16
1520744931,2018-03-11T05:08:51Z,AVA120,"8.987747,-73.70462",36000,517,17
1520744993,2018-03-11T05:09:53Z,AVA120,"9.128941,-73.659592",36000,517,20
1520745054,2018-03-11T05:10:54Z,AVA120,"9.263523,-73.598976",36175,520,25
1520745115,2018-03-11T05:11:55Z,AVA120,"9.395684,-73.534996",37000,513,25
1520745176,2018-03-11T05:12:56Z,AVA120,"9.527435,-73.470787",36975,515,25
1520745237,2018-03-11T05:13:57Z,AVA120,"9.658264,-73.407196",37000,517,25
1520745299,2018-03-11T05:14:59Z,AVA120,"9.791146,-73.342407",37000,520,25
1520745360,2018-03-11T05:16:00Z,AVA120,"9.924425,-73.277344",37000,519,25
1520745421,2018-03-11T05:17:01Z,AVA120,"10.057434,-73.212517",36975,518,25
1520745483,2018-03-11T05:18:03Z,AVA120,"10.189866,-73.147781",37025,521,25
1520745538,2018-03-11T05:18:58Z,AVA120,"10.301405,-73.093224",37000,522,25
1520745624,2018-03-11T05:20:24Z,AVA120,"10.498672,-72.99662",37000,523,25
1520745685,2018-03-11T05:21:25Z,AVA120,"10.633118,-72.930847",37000,521,25
1520745746,2018-03-11T05:22:26Z,AVA120,"10.766144,-72.865494",37000,523,25
1520745807,2018-03-11T05:23:27Z,AVA120,"10.899353,-72.800148",36975,525,25
1520745869,2018-03-11T05:24:29Z,AVA120,"11.035309,-72.73333",36975,526,25
1520745933,2018-03-11T05:25:33Z,AVA120,"11.176071,-72.664047",36975,527,25
1520745994,2018-03-11T05:26:34Z,AVA120,"11.309967,-72.598038",36975,528,25
1520746055,2018-03-11T05:27:35Z,AVA120,"11.444775,-72.531548",37000,528,25
1520746116,2018-03-11T05:28:36Z,AVA120,"11.57931,-72.465004",36975,528,25
1520746178,2018-03-11T05:29:38Z,AVA120,"11.715848,-72.3974",36975,528,26
1520746239,2018-03-11T05:30:39Z,AVA120,"11.850896,-72.330566",36975,530,25
1520746260,2018-03-11T05:31:00Z,AVA120,"11.896729,-72.307892",36975,530,25
1520746350,2018-03-11T05:32:30Z,AVA120,"12.098088,-72.207932",36975,531,25
1520746412,2018-03-11T05:33:32Z,AVA120,"12.234695,-72.140022",36975,533,26
1520746473,2018-03-11T05:34:33Z,AVA120,"12.369644,-72.072868",37000,532,26
1520746534,2018-03-11T05:35:34Z,AVA120,"12.506678,-72.00473",37000,533,25
1520746596,2018-03-11T05:36:36Z,AVA120,"12.643029,-71.936691",37000,532,26
1520746659,2018-03-11T05:37:39Z,AVA120,"12.780624,-71.86631",36975,533,28
1520746668,2018-03-11T05:37:48Z,AVA120,"12.801167,-71.851746",36975,534,36
1520746674,2018-03-11T05:37:54Z,AVA120,"12.811967,-71.842827",36975,534,39
1520746680,2018-03-11T05:38:00Z,AVA120,"12.823975,-71.831833",36975,535,42
1520746687,2018-03-11T05:38:07Z,AVA120,"12.834684,-71.8209",37000,535,45
1520746693,2018-03-11T05:38:13Z,AVA120,"12.845252,-71.808762",37025,535,49
1520746700,2018-03-11T05:38:20Z,AVA120,"12.855447,-71.795654",37000,535,52
1520746708,2018-03-11T05:38:28Z,AVA120,"12.867643,-71.778404",36975,536,54
1520746714,2018-03-11T05:38:34Z,AVA120,"12.87735,-71.764587",37000,536,54
1520746739,2018-03-11T05:38:59Z,AVA120,"12.91246,-71.71534",37000,536,54
1520746836,2018-03-11T05:40:36Z,AVA120,"13.053909,-71.515884",36975,537,54
1520746897,2018-03-11T05:41:37Z,AVA120,"13.144089,-71.388687",36975,538,54
1520746958,2018-03-11T05:42:38Z,AVA120,"13.233948,-71.261681",37000,539,54
1520747021,2018-03-11T05:43:41Z,AVA120,"13.32427,-71.133873",37000,534,54
1520747086,2018-03-11T05:44:46Z,AVA120,"13.41966,-70.998657",37800,531,54
1520747151,2018-03-11T05:45:51Z,AVA120,"13.51481,-70.863548",38775,530,54
1520747216,2018-03-11T05:46:56Z,AVA120,"13.60871,-70.72979",39000,530,54
1520747281,2018-03-11T05:48:01Z,AVA120,"13.70068,-70.598846",38975,527,55
1520747346,2018-03-11T05:49:06Z,AVA120,"13.79571,-70.46347",39000,529,54
1520747411,2018-03-11T05:50:11Z,AVA120,"13.88933,-70.32975",38975,530,55
1520747476,2018-03-11T05:51:16Z,AVA120,"13.98178,-70.197243",38975,530,55
1520747541,2018-03-11T05:52:21Z,AVA120,"14.07665,-70.061546",38975,532,55
1520747606,2018-03-11T05:53:26Z,AVA120,"14.17191,-69.924622",39000,532,55
1520747671,2018-03-11T05:54:31Z,AVA120,"14.26447,-69.791496",39000,531,55
1520747736,2018-03-11T05:55:36Z,AVA120,"14.35936,-69.654716",39025,535,54
1520747801,2018-03-11T05:56:41Z,AVA120,"14.45261,-69.520248",38975,531,55
1520747866,2018-03-11T05:57:46Z,AVA120,"14.54697,-69.38401",38975,533,55
1520747931,2018-03-11T05:58:51Z,AVA120,"14.63942,-69.250053",39000,537,54
1520747996,2018-03-11T05:59:56Z,AVA120,"14.73262,-69.114853",38975,536,54
1520748062,2018-03-11T06:01:02Z,AVA120,"14.82596,-68.979317",39000,535,54
1520748126,2018-03-11T06:02:06Z,AVA120,"14.92083,-68.841263",39000,533,54
1520748191,2018-03-11T06:03:11Z,AVA120,"15.01268,-68.70742",38975,534,54
1520748256,2018-03-11T06:04:16Z,AVA120,"15.10437,-68.573532",38975,535,54
1520748321,2018-03-11T06:05:21Z,AVA120,"15.19591,-68.439583",38975,534,54
1520748361,2018-03-11T06:06:01Z,AVA120,"15.24902,-68.361847",39000,533,54
1520748445,2018-03-11T06:07:25Z,AVA120,"15.357211,-68.195274",39000,530,57
1520748520,2018-03-11T06:08:40Z,AVA120,"15.431131,-68.080063",39000,530,55
1520748581,2018-03-11T06:09:41Z,AVA120,"15.510069,-67.959702",39000,530,55
1520748672,2018-03-11T06:11:12Z,AVA120,"15.696442,-67.703247",38975,534,55
1520748699,2018-03-11T06:11:39Z,AVA120,"15.733887,-67.647881",39000,534,55
1520748811,2018-03-11T06:13:31Z,AVA120,"15.874952,-67.428505",39000,530,55
1520748874,2018-03-11T06:14:34Z,AVA120,"15.957036,-67.296959",39000,530,56
1520748935,2018-03-11T06:15:35Z,AVA120,"16.059359,-67.145203",38975,535,56
1520748996,2018-03-11T06:16:36Z,AVA120,"16.143631,-67.012215",38975,538,56
1520749057,2018-03-11T06:17:37Z,AVA120,"16.227692,-66.87957",38975,542,56
1520749097,2018-03-11T06:18:17Z,AVA120,"16.280731,-66.79567",38975,542,56
1520749186,2018-03-11T06:19:46Z,AVA120,"16.404419,-66.599602",38975,544,57
1520749247,2018-03-11T06:20:47Z,AVA120,"16.487137,-66.468155",38975,544,56
1520749310,2018-03-11T06:21:50Z,AVA120,"16.576218,-66.32634",39000,545,56
1520749368,2018-03-11T06:22:48Z,AVA120,"16.652939,-66.204002",38975,542,56
1520749459,2018-03-11T06:24:19Z,AVA120,"16.780453,-66.000168",38975,542,56
1520749520,2018-03-11T06:25:20Z,AVA120,"16.863373,-65.86718",38975,540,57
1520749581,2018-03-11T06:26:21Z,AVA120,"16.9459,-65.734436",38975,537,57
1520749644,2018-03-11T06:27:24Z,AVA120,"17.031368,-65.596962",38975,537,57
1520749705,2018-03-11T06:28:25Z,AVA120,"17.114185,-65.463753",39000,537,57
1520749766,2018-03-11T06:29:26Z,AVA120,"17.196442,-65.330971",38975,537,57
1520749827,2018-03-11T06:30:27Z,AVA120,"17.278931,-65.19735",39000,541,57
1520749888,2018-03-11T06:31:28Z,AVA120,"17.361832,-65.062767",39000,540,57
1520749949,2018-03-11T06:32:29Z,AVA120,"17.444046,-64.92939",39000,539,57
1520750012,2018-03-11T06:33:32Z,AVA120,"17.529694,-64.789993",38975,541,57
1520750073,2018-03-11T06:34:33Z,AVA120,"17.612387,-64.65493",39000,542,57
1520750134,2018-03-11T06:35:34Z,AVA120,"17.694738,-64.520256",38975,542,57
1520750195,2018-03-11T06:36:35Z,AVA120,"17.776703,-64.385902",39000,542,57
1520750256,2018-03-11T06:37:36Z,AVA120,"17.858974,-64.250893",38975,542,57
1520750320,2018-03-11T06:38:40Z,AVA120,"17.944817,-64.109642",39000,543,57
1520750383,2018-03-11T06:39:43Z,AVA120,"18.030716,-63.967945",38975,542,57
1520750445,2018-03-11T06:40:45Z,AVA120,"18.113243,-63.831646",38975,542,57
1520750508,2018-03-11T06:41:48Z,AVA120,"18.199318,-63.689194",39000,542,57
1520750569,2018-03-11T06:42:49Z,AVA120,"18.280226,-63.554859",38975,543,57
1520750630,2018-03-11T06:43:50Z,AVA120,"18.362995,-63.417179",38975,544,57
1520750691,2018-03-11T06:44:51Z,AVA120,"18.444229,-63.281898",38975,541,57
1520750752,2018-03-11T06:45:52Z,AVA120,"18.52533,-63.146374",39000,543,57
1520750813,2018-03-11T06:46:53Z,AVA120,"18.60672,-63.010174",38975,543,58
1520750874,2018-03-11T06:47:54Z,AVA120,"18.688614,-62.872746",39000,544,58
1520750937,2018-03-11T06:48:57Z,AVA120,"18.773958,-62.729435",38975,545,58
1520750998,2018-03-11T06:49:58Z,AVA120,"18.856018,-62.591221",38975,545,58
1520751047,2018-03-11T06:50:47Z,AVA120,"18.920551,-62.482243",39000,545,58
1520751135,2018-03-11T06:52:15Z,AVA120,"19.03791,-62.28389",39000,546,58
1520751196,2018-03-11T06:53:16Z,AVA120,"19.12001,-62.144409",39000,546,58
1520751257,2018-03-11T06:54:17Z,AVA120,"19.201542,-62.005688",38975,546,58
1520751318,2018-03-11T06:55:18Z,AVA120,"19.28334,-61.866417",38975,548,58
1520751379,2018-03-11T06:56:19Z,AVA120,"19.357498,-61.723251",38975,554,66
1520751441,2018-03-11T06:57:21Z,AVA120,"19.416321,-61.569",38975,552,68
1520751503,2018-03-11T06:58:23Z,AVA120,"19.475361,-61.412376",39000,551,68
1520751516,2018-03-11T06:58:36Z,AVA120,"19.486633,-61.382526",39000,551,68
1520751570,2018-03-11T06:59:30Z,AVA120,"19.537043,-61.248428",39000,551,68
1520751650,2018-03-11T07:00:50Z,AVA120,"19.592958,-61.092804",39000,556,66
1520752079,2018-03-11T07:07:59Z,AVA120,"19.995407,-60.011318",39000,561,130
1520752217,2018-03-11T07:10:17Z,AVA120,"20.180849,-59.679356",39000,562,53
1520752799,2018-03-11T07:19:59Z,AVA120,"21.022758,-58.355595",39000,565,120
1520753363,2018-03-11T07:29:23Z,AVA120,"21.886786,-57.036564",39000,567,100
1520753954,2018-03-11T07:39:14Z,AVA120,"22.738001,-55.680325",39000,569,124
1520754517,2018-03-11T07:48:37Z,AVA120,"23.565166,-54.311554",39000,572,105
1520755100,2018-03-11T07:58:20Z,AVA120,"24.388018,-52.887096",39000,572,120
1520755668,2018-03-11T08:07:48Z,AVA120,"25.199556,-51.457451",39000,574,113
1520756250,2018-03-11T08:17:30Z,AVA120,"26.003971,-50.000546",39000,566,120
1520756273,2018-03-11T08:17:53Z,AVA120,"26.018661,-49.970455",39000,566,172
1520756835,2018-03-11T08:27:15Z,AVA120,"26.887695,-48.628487",39000,564,73
1520756977,2018-03-11T08:29:37Z,AVA120,"27.132244,-48.275105",39200,564,52
1520757054,2018-03-11T08:30:54Z,AVA120,"27.252253,-48.102009",39800,564,53
1520757404,2018-03-11T08:36:44Z,AVA120,"27.8009,-47.25322",40000,566,54
1520757987,2018-03-11T08:46:27Z,AVA120,"28.686796,-45.834522",40000,566,116
1520758554,2018-03-11T08:55:54Z,AVA120,"29.536245,-44.407745",40000,565,107
1520759140,2018-03-11T09:05:40Z,AVA120,"30.387949,-42.949448",40000,566,113
1520759703,2018-03-11T09:15:03Z,AVA120,"31.216167,-41.463406",40000,572,104
1520763165,2018-03-11T10:12:45Z,AVA120,"36.539364,-32.71302",40000,552,55
1520763239,2018-03-11T10:13:59Z,AVA120,"36.646133,-32.52182",39975,550,55
1520763302,2018-03-11T10:15:02Z,AVA120,"36.737072,-32.35836",40000,545,55
1520763356,2018-03-11T10:15:56Z,AVA120,"36.815464,-32.216763",39975,543,55
1520763388,2018-03-11T10:16:28Z,AVA120,"36.841999,-32.1689",40000,543,55
1520763477,2018-03-11T10:17:57Z,AVA120,"36.98645,-31.90555",40000,545,55
1520763540,2018-03-11T10:19:00Z,AVA120,"37.075424,-31.742891",39975,549,55
1520763603,2018-03-11T10:20:03Z,AVA120,"37.16684,-31.574648",39975,553,55
1520763667,2018-03-11T10:21:07Z,AVA120,"37.256424,-31.408392",40000,548,56
1520763729,2018-03-11T10:22:09Z,AVA120,"37.345928,-31.24255",39975,548,55
1520763792,2018-03-11T10:23:12Z,AVA120,"37.43391,-31.077576",39975,547,56
1520763855,2018-03-11T10:24:15Z,AVA120,"37.522339,-30.911787",40000,547,56
1520763917,2018-03-11T10:25:17Z,AVA120,"37.6096,-30.74703",40000,548,56
1520763979,2018-03-11T10:26:19Z,AVA120,"37.696884,-30.581638",40000,548,56
1520764041,2018-03-11T10:27:21Z,AVA120,"37.782822,-30.41762",40000,547,56
1520764103,2018-03-11T10:28:23Z,AVA120,"37.869324,-30.251965",40000,545,56
1520764166,2018-03-11T10:29:26Z,AVA120,"37.956253,-30.084833",39975,545,56
1520764228,2018-03-11T10:30:28Z,AVA120,"38.054489,-29.933653",39975,536,43
1520764290,2018-03-11T10:31:30Z,AVA120,"38.164967,-29.799519",40000,531,43
1520764353,2018-03-11T10:32:33Z,AVA120,"38.275772,-29.663788",40000,527,44
1520764415,2018-03-11T10:33:35Z,AVA120,"38.384182,-29.530653",40000,526,44
1520764476,2018-03-11T10:34:36Z,AVA120,"38.492508,-29.396973",40000,526,44
1520764538,2018-03-11T10:35:38Z,AVA120,"38.599533,-29.264404",40000,530,44
1520764599,2018-03-11T10:36:39Z,AVA120,"38.706604,-29.130859",40000,528,44
1520764660,2018-03-11T10:37:40Z,AVA120,"38.814331,-28.996443",40000,529,44
1520764722,2018-03-11T10:38:42Z,AVA120,"38.92149,-28.861816",39975,530,44
1520764784,2018-03-11T10:39:44Z,AVA120,"39.030258,-28.724531",39975,533,44
1520764846,2018-03-11T10:40:46Z,AVA120,"39.135303,-28.591492",40000,531,44
1520764909,2018-03-11T10:41:49Z,AVA120,"39.244354,-28.45262",40000,528,44
1520764971,2018-03-11T10:42:51Z,AVA120,"39.354675,-28.311529",40000,526,44
1520765032,2018-03-11T10:43:52Z,AVA120,"39.461494,-28.174316",40000,531,45
1520765097,2018-03-11T10:44:57Z,AVA120,"39.574944,-28.027954",39975,534,44
1520765168,2018-03-11T10:46:08Z,AVA120,"39.699329,-27.866333",40000,534,44
1520765229,2018-03-11T10:47:09Z,AVA120,"39.805893,-27.727402",40000,533,44
1520765248,2018-03-11T10:47:28Z,AVA120,"39.836792,-27.68692",39975,533,45
1520765277,2018-03-11T10:47:57Z,AVA120,"39.887878,-27.619987",40000,533,31
1520765297,2018-03-11T10:48:17Z,AVA120,"39.924637,-27.571716",39975,533,45
1520765391,2018-03-11T10:49:51Z,AVA120,"40.082886,-27.363159",39975,535,29
1520765453,2018-03-11T10:50:53Z,AVA120,"40.19241,-27.217754",40000,533,45
1520765514,2018-03-11T10:51:54Z,AVA120,"40.298363,-27.076616",39975,532,45
1520765580,2018-03-11T10:53:00Z,AVA120,"40.404968,-26.933716",40000,531,45
1520765630,2018-03-11T10:53:50Z,AVA120,"40.498444,-26.807983",40000,529,45
1520765726,2018-03-11T10:55:26Z,AVA120,"40.662357,-26.586227",39975,529,45
1520765790,2018-03-11T10:56:30Z,AVA120,"40.767982,-26.442282",40000,525,46
1520765855,2018-03-11T10:57:35Z,AVA120,"40.879196,-26.290033",39975,524,46
1520765930,2018-03-11T10:58:50Z,AVA120,"41.00354,-26.118958",40000,526,46
1520765993,2018-03-11T10:59:53Z,AVA120,"41.11042,-25.970993",40000,526,46
1520766057,2018-03-11T11:00:57Z,AVA120,"41.217636,-25.821838",40000,522,46
1520771314,2018-03-11T12:28:34Z,AVA120,"48.930916,-11.692345",41000,518,68
1520771378,2018-03-11T12:29:38Z,AVA120,"48.982773,-11.479656",41000,519,70
1520771441,2018-03-11T12:30:41Z,AVA120,"49.033985,-11.263949",41000,517,70
1520771504,2018-03-11T12:31:44Z,AVA120,"49.085144,-11.04603",41000,515,70
1520771567,2018-03-11T12:32:47Z,AVA120,"49.135281,-10.830351",40975,517,70
1520771630,2018-03-11T12:33:50Z,AVA120,"49.185184,-10.613227",41000,515,70
1520771691,2018-03-11T12:34:51Z,AVA120,"49.232204,-10.406727",40975,515,70
1520771754,2018-03-11T12:35:54Z,AVA120,"49.281132,-10.189603",41000,514,71
1520771817,2018-03-11T12:36:57Z,AVA120,"49.329544,-9.972839",40975,513,71
1520771881,2018-03-11T12:38:01Z,AVA120,"49.377686,-9.754732",41000,513,71
1520771943,2018-03-11T12:39:03Z,AVA120,"49.42535,-9.536711",41000,517,71
1520772006,2018-03-11T12:40:06Z,AVA120,"49.472645,-9.317742",41000,519,71
1520772069,2018-03-11T12:41:09Z,AVA120,"49.519913,-9.096246",41000,516,72
1520772130,2018-03-11T12:42:10Z,AVA120,"49.563747,-8.889201",41000,513,71
1520772193,2018-03-11T12:43:13Z,AVA120,"49.609772,-8.669514",40975,514,72
1520772256,2018-03-11T12:44:16Z,AVA120,"49.655178,-8.450417",40975,515,72
1520772317,2018-03-11T12:45:17Z,AVA120,"49.698658,-8.238187",40975,518,72
1520772379,2018-03-11T12:46:19Z,AVA120,"49.74353,-8.016116",41000,517,72
1520772442,2018-03-11T12:47:22Z,AVA120,"49.787338,-7.792128",40975,519,73
1520772506,2018-03-11T12:48:26Z,AVA120,"49.830818,-7.568541",40975,519,73
1520772569,2018-03-11T12:49:29Z,AVA120,"49.874111,-7.343544",41000,521,73
1520772630,2018-03-11T12:50:30Z,AVA120,"49.915077,-7.127974",40975,523,73
1520772692,2018-03-11T12:51:32Z,AVA120,"49.957535,-6.902088",41000,523,73
1520772753,2018-03-11T12:52:33Z,AVA120,"49.998093,-6.68388",41000,520,74
1520772815,2018-03-11T12:53:35Z,AVA120,"50.039513,-6.457957",41000,519,74
1520772876,2018-03-11T12:54:36Z,AVA120,"50.078659,-6.241825",40975,519,74
1520772937,2018-03-11T12:55:37Z,AVA120,"50.117069,-6.027337",40975,520,74
1520772999,2018-03-11T12:56:39Z,AVA120,"50.157524,-5.798777",41000,520,74
1520773062,2018-03-11T12:57:42Z,AVA120,"50.197586,-5.569345",40975,520,74
1520773129,2018-03-11T12:58:49Z,AVA120,"50.237869,-5.335163",41000,520,75
1520773192,2018-03-11T12:59:52Z,AVA120,"50.277603,-5.101849",41000,521,75
1520773255,2018-03-11T13:00:55Z,AVA120,"50.316101,-4.87222",41000,517,75
1520773318,2018-03-11T13:01:58Z,AVA120,"50.352158,-4.654046",40975,516,75
1520773379,2018-03-11T13:02:59Z,AVA120,"50.389938,-4.422503",40975,517,75
1520773442,2018-03-11T13:04:02Z,AVA120,"50.425896,-4.199895",41000,519,75
1520773504,2018-03-11T13:05:04Z,AVA120,"50.461578,-3.975605",41000,519,76
1520773568,2018-03-11T13:06:08Z,AVA120,"50.497787,-3.743953",40825,521,76
1520773631,2018-03-11T13:07:11Z,AVA120,"50.534637,-3.505867",38200,515,76
1520773692,2018-03-11T13:08:12Z,AVA120,"50.568394,-3.285209",35500,515,76
1520773755,2018-03-11T13:09:15Z,AVA120,"50.602562,-3.0565",32425,504,77
1520773819,2018-03-11T13:10:19Z,AVA120,"50.635242,-2.835735",30075,482,76
1520773882,2018-03-11T13:11:22Z,AVA120,"50.666153,-2.623347",28025,470,77
1520773945,2018-03-11T13:12:25Z,AVA120,"50.677883,-2.417374",26400,440,93
1520774008,2018-03-11T13:13:28Z,AVA120,"50.669411,-2.21768",25175,424,93
1520774071,2018-03-11T13:14:31Z,AVA120,"50.662445,-2.036229",24000,363,91
1520774136,2018-03-11T13:15:36Z,AVA120,"50.662769,-1.87534",23025,348,89
1520774199,2018-03-11T13:16:39Z,AVA120,"50.664379,-1.7158",22025,344,89
1520774262,2018-03-11T13:17:42Z,AVA120,"50.670437,-1.559316",21050,343,78
1520774268,2018-03-11T13:17:48Z,AVA120,"50.673275,-1.540909",20900,342,75
1520774274,2018-03-11T13:17:54Z,AVA120,"50.67588,-1.526489",20750,342,73
1520774283,2018-03-11T13:18:03Z,AVA120,"50.680435,-1.505498",20550,343,69
1520774292,2018-03-11T13:18:12Z,AVA120,"50.685425,-1.486124",20325,343,66
1520774298,2018-03-11T13:18:18Z,AVA120,"50.688961,-1.474075",20200,343,64
1520774304,2018-03-11T13:18:24Z,AVA120,"50.693665,-1.459029",20025,343,63
1520774371,2018-03-11T13:19:31Z,AVA120,"50.7388,-1.312495",18400,336,64
1520774398,2018-03-11T13:19:58Z,AVA120,"50.760406,-1.256895",17725,343,52
1520774404,2018-03-11T13:20:04Z,AVA120,"50.768196,-1.242065",17550,343,49
1520774410,2018-03-11T13:20:10Z,AVA120,"50.774826,-1.230914",17400,343,46
1520774419,2018-03-11T13:20:19Z,AVA120,"50.785091,-1.215668",17175,343,44
1520774428,2018-03-11T13:20:28Z,AVA120,"50.796112,-1.201667",16950,343,37
1520774439,2018-03-11T13:20:39Z,AVA120,"50.811081,-1.185558",16650,343,32
1520774446,2018-03-11T13:20:46Z,AVA120,"50.820465,-1.176205",16475,343,32
1520774483,2018-03-11T13:21:23Z,AVA120,"50.868511,-1.12656",15575,332,33
1520774514,2018-03-11T13:21:54Z,AVA120,"50.90918,-1.084232",14800,334,33
1520774549,2018-03-11T13:22:29Z,AVA120,"50.955334,-1.036377",13950,323,33
1520774583,2018-03-11T13:23:03Z,AVA120,"50.995193,-0.992481",13175,315,38
1520774616,2018-03-11T13:23:36Z,AVA120,"51.029572,-0.941187",12975,311,47
1520774648,2018-03-11T13:24:08Z,AVA120,"51.06152,-0.884323",13000,311,48
1520774679,2018-03-11T13:24:39Z,AVA120,"51.090271,-0.833254",12950,310,48
1520774712,2018-03-11T13:25:12Z,AVA120,"51.121574,-0.777283",12125,308,48
1520774745,2018-03-11T13:25:45Z,AVA120,"51.151932,-0.722871",11450,303,48
1520774757,2018-03-11T13:25:57Z,AVA120,"51.159943,-0.708544",11225,303,48
1520774769,2018-03-11T13:26:09Z,AVA120,"51.174774,-0.681895",10875,301,48
1520774781,2018-03-11T13:26:21Z,AVA120,"51.185806,-0.662075",10600,299,48
1520774793,2018-03-11T13:26:33Z,AVA120,"51.19725,-0.641735",10275,299,48
1520774805,2018-03-11T13:26:45Z,AVA120,"51.208282,-0.621989",10100,298,48
1520774817,2018-03-11T13:26:57Z,AVA120,"51.219425,-0.601959",9975,297,48
1520774832,2018-03-11T13:27:12Z,AVA120,"51.232693,-0.578003",10000,282,48
1520774844,2018-03-11T13:27:24Z,AVA120,"51.242935,-0.55954",10025,278,48
1520774856,2018-03-11T13:27:36Z,AVA120,"51.253269,-0.540771",9975,282,48
1520774868,2018-03-11T13:27:48Z,AVA120,"51.262905,-0.5233",9975,282,48
1520774880,2018-03-11T13:28:00Z,AVA120,"51.273891,-0.503387",10000,280,48
1520774896,2018-03-11T13:28:16Z,AVA120,"51.286739,-0.480194",10000,281,48
1520774910,2018-03-11T13:28:30Z,AVA120,"51.299011,-0.457937",10000,279,48
1520774922,2018-03-11T13:28:42Z,AVA120,"51.309906,-0.438265",9975,274,48
1520774934,2018-03-11T13:28:54Z,AVA120,"51.319794,-0.420301",10025,272,49
1520774946,2018-03-11T13:29:06Z,AVA120,"51.329708,-0.401993",9975,275,51
1520774955,2018-03-11T13:29:15Z,AVA120,"51.335201,-0.38765",9975,270,64
1520774962,2018-03-11T13:29:22Z,AVA120,"51.337856,-0.374908",9975,269,69
1520774970,2018-03-11T13:29:30Z,AVA120,"51.338837,-0.361584",10000,261,86
1520774991,2018-03-11T13:29:51Z,AVA120,"51.33321,-0.32618",10000,247,117
1520774999,2018-03-11T13:29:59Z,AVA120,"51.329086,-0.316673",10000,244,127
1520775008,2018-03-11T13:30:08Z,AVA120,"51.318695,-0.302421",10000,237,145
1520775014,2018-03-11T13:30:14Z,AVA120,"51.312515,-0.296334",9975,237,148
1520775024,2018-03-11T13:30:24Z,AVA120,"51.304688,-0.288465",10000,238,147
1520775043,2018-03-11T13:30:43Z,AVA120,"51.28418,-0.267903",9975,240,148
1520775054,2018-03-11T13:30:54Z,AVA120,"51.275101,-0.259171",9975,242,149
1520775065,2018-03-11T13:31:05Z,AVA120,"51.263168,-0.25224",9975,231,165
1520775071,2018-03-11T13:31:11Z,AVA120,"51.25882,-0.25135",10000,229,174
1520775080,2018-03-11T13:31:20Z,AVA120,"51.24728,-0.25239",10000,227,190
1520775086,2018-03-11T13:31:26Z,AVA120,"51.242199,-0.25439",10000,236,194
1520775095,2018-03-11T13:31:35Z,AVA120,"51.232361,-0.26174",9975,236,208
1520775106,2018-03-11T13:31:46Z,AVA120,"51.225239,-0.27084",10000,231,218
1520775115,2018-03-11T13:31:55Z,AVA120,"51.218399,-0.28505",9975,239,240
1520775126,2018-03-11T13:32:06Z,AVA120,"51.213558,-0.30556",9975,248,259
1520775135,2018-03-11T13:32:15Z,AVA120,"51.21286,-0.32333",9975,255,273
1520775143,2018-03-11T13:32:23Z,AVA120,"51.215237,-0.341187",10000,260,287
1520775150,2018-03-11T13:32:30Z,AVA120,"51.218216,-0.351488",9975,263,297
1520775159,2018-03-11T13:32:39Z,AVA120,"51.225246,-0.366287",9875,268,314
1520775172,2018-03-11T13:32:52Z,AVA120,"51.237164,-0.380096",9650,273,328
1520775180,2018-03-11T13:33:00Z,AVA120,"51.24678,-0.389347",9475,273,328
1520775186,2018-03-11T13:33:06Z,AVA120,"51.253315,-0.395889",9375,273,327
1520775198,2018-03-11T13:33:18Z,AVA120,"51.266327,-0.408795",9150,274,328
1520775214,2018-03-11T13:33:34Z,AVA120,"51.281799,-0.424087",9025,272,328
1520775228,2018-03-11T13:33:48Z,AVA120,"51.297539,-0.439682",8975,271,328
1520775237,2018-03-11T13:33:57Z,AVA120,"51.308533,-0.44799",9000,272,338
1520775243,2018-03-11T13:34:03Z,AVA120,"51.315948,-0.452147",9000,274,341
1520775251,2018-03-11T13:34:11Z,AVA120,"51.325333,-0.456696",8975,275,343
1520775259,2018-03-11T13:34:19Z,AVA120,"51.336132,-0.461655",8975,276,344
1520775272,2018-03-11T13:34:32Z,AVA120,"51.351425,-0.468552",8975,274,344
1520775284,2018-03-11T13:34:44Z,AVA120,"51.365555,-0.474701",9000,269,344
1520775295,2018-03-11T13:34:55Z,AVA120,"51.379807,-0.483844",8975,271,330
1520775306,2018-03-11T13:35:06Z,AVA120,"51.388779,-0.495276",8975,272,328
1520775318,2018-03-11T13:35:18Z,AVA120,"51.396557,-0.515213",9000,253,292
1520775327,2018-03-11T13:35:27Z,AVA120,"51.398621,-0.531575",9000,247,274
1520775347,2018-03-11T13:35:47Z,AVA120,"51.393398,-0.56164",8975,231,239
1520775363,2018-03-11T13:36:03Z,AVA120,"51.379799,-0.584412",9000,230,222
1520775375,2018-03-11T13:36:15Z,AVA120,"51.369827,-0.598681",8975,231,221
1520775387,2018-03-11T13:36:27Z,AVA120,"51.36058,-0.611894",8925,229,221
1520775399,2018-03-11T13:36:39Z,AVA120,"51.351959,-0.62706",8725,231,228
1520775406,2018-03-11T13:36:46Z,AVA120,"51.348793,-0.636978",8600,237,247
1520775415,2018-03-11T13:36:55Z,AVA120,"51.34684,-0.652771",8425,240,253
1520775435,2018-03-11T13:37:15Z,AVA120,"51.349178,-0.68071",8175,196,278
1520775444,2018-03-11T13:37:24Z,AVA120,"51.35252,-0.7032",7950,251,281
1520775459,2018-03-11T13:37:39Z,AVA120,"51.356609,-0.73128",7625,249,281
1520775473,2018-03-11T13:37:53Z,AVA120,"51.36034,-0.7576",7500,248,282
1520775488,2018-03-11T13:38:08Z,AVA120,"51.364151,-0.78508",7225,251,280
1520775499,2018-03-11T13:38:19Z,AVA120,"51.36726,-0.80304",7050,254,288
1520775508,2018-03-11T13:38:28Z,AVA120,"51.371799,-0.82071",6925,249,292
1520775518,2018-03-11T13:38:38Z,AVA120,"51.376789,-0.83719",6850,240,294
1520775539,2018-03-11T13:38:59Z,AVA120,"51.386921,-0.868",6550,228,296
1520775553,2018-03-11T13:39:13Z,AVA120,"51.39423,-0.88928",6350,215,297
1520775563,2018-03-11T13:39:23Z,AVA120,"51.399769,-0.90236",6250,210,307
1520775574,2018-03-11T13:39:34Z,AVA120,"51.40773,-0.91232",6150,218,331
1520775583,2018-03-11T13:39:43Z,AVA120,"51.416569,-0.91675",6075,210,349
1520775594,2018-03-11T13:39:54Z,AVA120,"51.427368,-0.91835",5975,210,356
1520775618,2018-03-11T13:40:18Z,AVA120,"51.45071,-0.90823",5775,203,43
1520775628,2018-03-11T13:40:28Z,AVA120,"51.456989,-0.89628",5675,202,54
1520775644,2018-03-11T13:40:44Z,AVA120,"51.465221,-0.87784",5500,200,56
1520775658,2018-03-11T13:40:58Z,AVA120,"51.473011,-0.85923",5350,196,65
1520775668,2018-03-11T13:41:08Z,AVA120,"51.475368,-0.8448",5250,194,84
1520775678,2018-03-11T13:41:18Z,AVA120,"51.475971,-0.83069",5100,195,90
1520775704,2018-03-11T13:41:44Z,AVA120,"51.476109,-0.80505",4750,198,90
1520775712,2018-03-11T13:41:52Z,AVA120,"51.47617,-0.78174",4425,197,89
1520775718,2018-03-11T13:41:58Z,AVA120,"51.47617,-0.77216",4325,195,89
1520775728,2018-03-11T13:42:08Z,AVA120,"51.47625,-0.75798",4150,193,89
1520775734,2018-03-11T13:42:14Z,AVA120,"51.47625,-0.75058",4050,191,89
1520775743,2018-03-11T13:42:23Z,AVA120,"51.476349,-0.73662",3850,187,89
1520775754,2018-03-11T13:42:34Z,AVA120,"51.47644,-0.72324",3675,179,89
1520775760,2018-03-11T13:42:40Z,AVA120,"51.47649,-0.71545",3575,173,89
1520775770,2018-03-11T13:42:50Z,AVA120,"51.476528,-0.7029",3475,168,89
1520775779,2018-03-11T13:42:59Z,AVA120,"51.476631,-0.69199",3325,166,89
1520775790,2018-03-11T13:43:10Z,AVA120,"51.476669,-0.67833",3150,163,89
1520775799,2018-03-11T13:43:19Z,AVA120,"51.476761,-0.66638",3000,159,89
1520775810,2018-03-11T13:43:30Z,AVA120,"51.476768,-0.65941",2925,158,89
1520775826,2018-03-11T13:43:46Z,AVA120,"51.47691,-0.6369",2650,155,89
1520775835,2018-03-11T13:43:55Z,AVA120,"51.476952,-0.62637",2525,154,89
1520775844,2018-03-11T13:44:04Z,AVA120,"51.47699,-0.61323",2350,154,89
1520775855,2018-03-11T13:44:15Z,AVA120,"51.477039,-0.60239",2225,153,89
1520775865,2018-03-11T13:44:25Z,AVA120,"51.477081,-0.59163",2075,150,89
1520775881,2018-03-11T13:44:41Z,AVA120,"51.477139,-0.58174",1950,149,89
1520775894,2018-03-11T13:44:54Z,AVA120,"51.477139,-0.5764",1900,142,89
1520775959,2018-03-11T13:45:59Z,AVA120,"51.477402,-0.52141",1225,131,89
1520776168,2018-03-11T13:49:28Z,AVA120,"51.475983,-0.45005",0,28,90
1520776183,2018-03-11T13:49:43Z,AVA120,"51.475983,-0.448565",0,33,92
1520776198,2018-03-11T13:49:58Z,AVA120,"51.475998,-0.447025",0,15,90
1520776204,2018-03-11T13:50:04Z,AVA120,"51.475998,-0.446472",0,33,90
1520776224,2018-03-11T13:50:24Z,AVA120,"51.475998,-0.444546",0,29,90
1520776235,2018-03-11T13:50:35Z,AVA120,"51.475998,-0.44342",0,25,92
1520776251,2018-03-11T13:50:51Z,AVA120,"51.475937,-0.442274",0,26,95
1520776265,2018-03-11T13:51:05Z,AVA120,"51.475929,-0.441322",0,22,92
1520776276,2018-03-11T13:51:16Z,AVA120,"51.475895,-0.440903",0,19,101
1520776284,2018-03-11T13:51:24Z,AVA120,"51.475456,-0.440622",0,21,168
1520776299,2018-03-11T13:51:39Z,AVA120,"51.474895,-0.440604",0,21,180
